,A,C,D,E,F,G,H,I,K,L,N,P,Q,R,S,T,V,Y
A1_opt,5,2,1,3,0,0,2,1,0,2,0,1,1,1,3,1,0,0
A2_opt,9,0,3,8,2,4,1,2,9,9,4,4,1,4,4,3,7,2
A3_opt,8,1,6,3,1,6,2,0,1,8,8,5,0,8,1,6,3,0
A4_opt,8,0,2,1,1,3,1,1,1,3,0,2,0,1,4,1,4,2
C_opt,1,0,1,5,1,2,0,0,2,6,1,0,1,3,4,1,3,0
C_deopt,1,0,2,0,2,2,2,0,0,4,0,0,0,2,1,1,2,1
F1_opt,7,0,5,2,3,4,2,1,2,9,1,3,0,6,5,5,6,0
F2_opt,9,0,6,4,2,6,1,2,1,11,6,7,4,6,7,10,3,2
F3_opt,6,1,3,3,5,6,3,1,4,13,3,7,3,6,15,9,11,1
G1_opt,11,2,3,1,0,7,0,0,2,9,6,6,0,1,13,11,13,0
G2_opt,1,1,0,1,1,2,0,0,0,2,2,0,0,0,2,1,5,0
H1_opt,19,0,0,1,0,15,0,0,3,10,2,3,3,0,10,4,5,0
H2_opt,16,0,4,11,0,4,0,1,2,6,8,1,11,2,8,7,4,0
H3_opt,8,0,2,1,1,4,0,1,2,2,4,0,1,2,7,5,7,0
J_opt,2,0,0,0,0,4,0,0,1,2,0,1,2,4,1,1,1,0
A1_deopt,1,0,1,1,2,1,1,3,1,2,0,1,0,1,3,1,0,1
A2_deopt,3,2,9,5,6,7,4,6,3,11,2,2,5,8,4,3,7,2
A3_deopt,5,1,3,0,5,7,2,1,0,8,0,4,2,12,2,2,4,6
A4_deopt,1,0,2,0,1,3,0,1,4,3,1,2,1,2,2,2,5,2
A1_A4_deopt,2,0,3,1,3,4,1,4,5,5,1,3,1,3,5,4,5,3
A1_A3_deopt,5,1,4,1,7,8,2,4,1,10,0,5,2,13,5,3,4,7
A1_A3_A4_deopt,6,1,6,1,8,11,2,5,5,13,1,7,3,15,7,5,9,9
A3_A4_deopt,6,1,5,0,6,10,2,2,4,11,1,6,3,14,4,4,9,8
A1_A2_deopt,3,2,10,6,8,8,4,9,4,13,2,3,5,9,7,4,7,3
A1_A2_A4_deopt,4,2,12,6,9,11,4,10,8,16,3,5,6,11,9,7,12,5
A2_A4_deopt,4,2,11,5,7,10,4,7,7,14,3,4,6,10,6,6,12,4
A1_A2_A3_deopt,7,3,13,6,13,15,5,10,4,21,2,7,7,21,9,7,11,9
A2_A3_deopt,7,3,12,5,11,14,5,7,3,19,2,6,7,20,6,6,11,8
A2_A3_A4_deopt,8,3,14,5,12,17,5,8,7,22,3,8,8,22,8,8,16,10
A1_A2_A3_A4_deopt,8,3,15,6,14,18,5,11,8,24,3,9,8,23,11,9,16,11
F1_deopt,3,0,1,1,2,8,4,7,0,9,0,6,2,6,4,7,5,2
F1_F3_deopt,7,0,9,5,8,19,7,14,4,24,2,19,12,16,18,20,17,12
F1_F2_deopt,5,2,6,2,6,14,8,15,4,20,7,15,4,14,10,18,8,9
F1_F2_F3_deopt,9,2,14,6,12,25,11,22,8,35,9,28,14,24,24,31,20,19
F2_deopt,2,2,5,1,4,6,5,8,4,11,7,9,2,8,6,12,3,7
F2_F3_deopt,6,2,13,5,10,17,8,15,8,26,9,22,12,18,20,25,15,17
F3_deopt,4,0,8,4,6,11,4,7,4,15,2,13,10,10,14,14,12,10
G2_deopt,0,1,0,0,1,2,0,3,2,3,2,1,2,1,2,3,5,1
G1_deopt,5,1,7,0,8,7,2,3,2,10,2,7,3,3,11,9,14,5
G1_G2_deopt,5,2,7,0,9,9,2,6,4,13,4,8,5,4,13,12,19,6
H2_deopt,6,0,2,1,3,4,0,6,5,7,1,1,8,5,7,9,3,4
H3_deopt,2,0,6,1,1,7,3,5,5,2,1,0,3,2,7,5,8,1
H2_H3_deopt,8,0,8,2,4,11,3,11,10,9,2,1,11,7,14,15,11,5
H1_H2_deopt,14,0,10,2,5,23,0,10,11,17,3,4,9,5,17,14,8,4
H1_H2_H3_deopt,16,0,16,3,6,30,3,15,16,19,4,4,12,7,24,19,16,5
H1_deopt,8,0,8,1,2,19,0,4,6,10,2,3,1,0,10,4,5,0
H1_H3_deopt,10,0,14,2,3,26,3,9,11,12,3,3,4,2,17,9,13,1
J_deopt,0,0,0,0,1,7,0,0,2,2,0,3,1,5,1,1,0,1
D1_deopt,3,0,1,1,0,0,0,2,0,4,0,0,2,1,3,1,1,0
D2_deopt,1,0,3,1,1,0,0,1,1,1,1,0,0,3,2,2,1,0
D1_D2_deopt,3,0,4,2,1,0,0,3,1,5,1,0,2,4,5,3,2,0
G_0.25_rand_rep1_seq1526,3,0,2,1,2,0,1,0,3,6,1,1,0,0,2,4,2,0
G_0.25_rand_rep2_seq1318,3,1,1,0,2,2,0,2,0,3,2,3,0,0,4,2,3,0
G_0.25_rand_rep3_seq2396,4,0,2,0,1,1,0,0,1,3,3,1,2,1,2,2,4,1
G_0.5_rand_rep1_seq1121,3,1,3,0,4,4,2,2,0,7,4,3,2,1,7,5,3,2
G_0.5_rand_rep2_seq75,4,3,2,2,4,2,0,2,2,5,0,4,2,1,6,3,8,3
G_0.5_rand_rep3_seq310,4,2,3,0,3,1,1,3,6,4,3,7,3,1,4,5,3,2
G_0.75_rand_rep1_seq1499,9,2,1,1,5,5,2,3,4,8,4,5,2,2,11,6,10,2
G_0.75_rand_rep2_seq1960,8,1,6,2,4,4,0,2,4,8,8,6,2,2,5,6,13,1
G_0.75_rand_rep3_seq2865,6,2,5,1,6,3,2,3,2,8,2,5,4,2,6,10,11,2
G_1_rand_rep1_seq1783,8,3,3,2,8,8,1,5,5,10,7,7,1,2,10,10,16,3
G_1_rand_rep2_seq144,8,3,5,2,3,6,3,3,4,8,5,8,1,4,13,12,14,5
G_1_rand_rep3_seq2416,8,3,5,0,8,10,2,4,4,12,7,7,4,3,9,7,11,3
G_max_rand_rep1_seq337,12,5,10,2,10,10,3,6,7,14,10,10,5,4,16,14,19,6
G_max_rand_rep2_seq657,12,5,10,2,10,10,3,6,7,14,10,10,5,4,16,14,19,6
G_max_rand_rep3_seq2411,12,5,10,2,10,10,3,6,7,14,10,10,5,4,16,14,19,6
G_0.25_worst_rep1_seq987,0,1,0,0,1,2,0,2,1,6,2,2,1,2,1,4,3,0
G_0.25_worst_rep2_seq1786,2,1,0,0,0,3,0,1,0,4,4,1,1,1,5,0,5,0
G_0.25_worst_rep3_seq1404,3,0,1,0,1,1,0,2,1,0,1,2,1,3,6,4,2,0
G_0.5_worst_rep1_seq654,4,1,2,0,1,5,0,2,2,8,3,4,4,1,5,7,6,0
G_0.5_worst_rep2_seq2967,1,2,1,0,0,5,0,4,4,7,3,2,4,2,7,6,7,0
G_0.5_worst_rep3_seq1735,5,0,2,0,0,6,0,5,1,7,2,2,4,2,4,7,8,0
G_0.75_worst_rep1_seq1640,6,1,0,0,1,4,0,5,4,10,3,9,4,3,8,11,13,0
G_0.75_worst_rep2_seq2600,5,1,3,0,1,8,0,6,3,13,3,6,3,3,7,8,12,0
G_0.75_worst_rep3_seq1454,5,1,2,0,0,8,0,5,4,10,3,7,3,4,10,8,12,0
G_1_worst_rep3_seq1,8,2,3,0,1,9,0,6,4,14,4,9,5,4,12,12,15,0
G_0.25_shuffle_rep1_seq668,2,2,2,0,0,2,0,0,0,4,3,0,0,0,6,6,0,0
G_0.25_shuffle_rep2_seq1829,4,0,0,0,0,0,0,0,0,4,3,6,0,0,4,2,6,0
G_0.25_shuffle_rep3_seq234,4,0,4,0,2,4,0,0,0,0,1,2,0,0,0,6,4,0
G_0.5_shuffle_rep1_seq2400,6,2,0,0,2,4,0,0,6,10,1,8,0,0,6,2,8,0
G_0.5_shuffle_rep2_seq2366,4,4,6,0,2,4,0,0,0,10,3,4,0,0,6,4,6,0
G_0.5_shuffle_rep3_seq1072,6,0,4,0,2,0,0,0,2,4,7,4,0,0,8,10,8,0
G_0.75_shuffle_rep1_seq2109,8,4,6,0,2,4,0,0,4,12,3,8,0,0,14,10,8,0
G_0.75_shuffle_rep2_seq1995,8,0,6,0,2,4,0,0,6,12,7,6,0,0,10,14,8,0
G_0.75_shuffle_rep3_seq808,6,4,6,0,2,4,0,0,6,12,7,8,0,0,12,8,8,0
G_1_shuffle_rep1_seq2062,10,4,6,0,2,4,0,0,6,14,5,10,0,0,12,12,8,0
G_1_shuffle_rep2_seq1897,10,4,6,0,2,2,0,0,6,14,5,8,0,0,12,14,8,0
G_1_shuffle_rep3_seq1739,10,4,6,0,2,4,0,0,6,14,7,10,0,0,12,12,8,0
G_stability_low_rep1_seq2272,8,4,6,0,2,4,0,0,6,14,7,10,0,0,12,14,8,0
G_stability_low_rep2_seq991,8,4,6,0,2,4,0,0,6,14,7,8,0,0,12,12,8,0
G_stability_low_rep3_seq519,10,4,6,0,2,4,0,0,6,12,5,10,0,0,12,12,8,0
G_stability_low_rep4_seq2920,10,4,6,0,2,4,0,0,6,12,7,10,0,0,14,14,8,0
G_stability_high_rep1_seq2113,8,4,6,0,2,4,0,0,6,14,7,8,0,0,14,12,8,0
G_stability_high_rep2_seq946,10,4,6,0,2,4,0,0,6,14,7,10,0,0,12,14,8,0
G_stability_high_rep3_seq2461,8,4,6,0,2,4,0,0,6,12,5,8,0,0,14,14,8,0
G_stability_high_rep4_seq1454,10,4,6,0,2,4,0,0,6,12,5,10,0,0,14,14,8,0
F_0.25_shuffle_318,4,0,8,0,2,6,5,2,6,6,2,6,2,4,6,8,4,4
F_0.25_shuffle_505,0,2,4,4,6,6,3,0,2,8,4,12,8,6,4,4,2,0
F_0.25_shuffle_630,8,0,4,8,4,8,1,8,0,6,4,4,4,1,6,4,4,0
F_0.5_shuffle_424,12,0,10,4,8,10,5,4,8,12,6,18,4,12,10,12,12,2
F_0.5_shuffle_8,8,2,8,4,6,14,3,8,6,20,10,10,8,8,10,12,6,6
F_0.5_shuffle_502,8,2,14,8,12,4,5,6,6,20,10,8,4,4,10,16,8,4
F_0.75_shuffle_60,18,2,16,10,14,16,7,8,6,20,6,22,10,12,18,22,12,6
F_0.75_shuffle_482,18,2,16,8,10,18,7,8,8,22,14,14,14,11,16,20,12,6
F_0.75_shuffle_756,14,2,14,8,14,20,7,8,12,24,6,18,12,11,16,24,8,6
F_1_shuffle_385,18,2,28,12,20,26,7,8,14,32,18,26,14,12,20,24,12,6
F_1_shuffle_89,18,2,28,12,20,26,7,8,14,30,18,24,14,12,20,22,12,6
F_1_shuffle_276,16,2,28,12,20,26,7,8,14,30,18,24,14,11,18,24,12,6
F_0.5_shuffle_low_209,12,0,8,0,10,10,7,4,2,18,8,14,6,6,14,14,10,6
F_0.5_shuffle_low_679,16,2,12,10,12,14,7,8,2,10,4,8,8,6,6,10,8,6
F_0.5_shuffle_low_937,8,0,10,8,8,16,3,6,8,8,4,10,4,11,16,14,8,6
F_0.5_shuffle_low_664,8,0,8,8,10,16,3,8,8,14,0,10,12,12,8,10,8,6
F_0.5_shuffle_high_787,14,2,16,4,6,10,5,4,2,16,4,10,8,7,8,14,12,6
F_0.5_shuffle_high_64,6,2,8,2,8,14,7,8,6,22,16,8,8,0,6,18,4,6
F_0.5_shuffle_high_717,18,0,10,10,4,4,5,2,10,16,8,12,8,10,14,10,6,2
F_0.5_shuffle_high_547,12,0,12,6,6,14,3,8,4,10,4,10,6,12,10,16,10,6
F_0.5_shuffle_extrahigh_690,6,0,14,10,10,4,3,8,8,14,4,16,6,6,12,16,6,6
F_0.5_shuffle_623,12,0,14,4,14,8,1,4,6,10,8,8,6,12,12,20,4,6
F_0.25_rand_rep1_seq1365,3,0,5,4,7,3,1,4,1,7,2,6,7,6,7,6,1,4
F_0.25_rand_rep2_seq1163,6,2,4,5,4,6,3,2,2,9,2,6,1,3,5,10,1,3
F_0.25_rand_rep3_seq1947,6,2,4,0,5,12,4,3,5,9,2,6,2,3,4,2,3,2
F_0.5_rand_rep1_seq1726,8,1,5,8,5,11,5,7,6,17,5,16,7,6,8,11,10,12
F_0.5_rand_rep2_seq1663,7,0,11,6,4,11,5,8,3,13,6,11,9,7,14,16,9,8
F_0.5_rand_rep3_seq1723,14,1,13,5,8,11,3,9,5,15,6,11,6,6,12,7,4,12
F_0.75_rand_rep1_seq189,17,1,20,6,8,17,8,15,9,18,8,15,10,16,14,19,11,10
F_0.75_rand_rep2_seq1959,14,2,15,7,15,16,10,12,6,14,14,14,6,15,14,21,15,12
F_0.75_rand_rep3_seq411,13,1,14,8,15,15,3,14,8,24,10,17,11,13,11,21,12,12
F_1_rand_rep1_seq783,22,2,20,13,14,23,10,18,9,28,13,20,13,21,19,22,16,13
F_1_rand_rep2_seq1320,18,3,19,13,16,22,11,19,11,28,12,21,15,17,19,24,13,15
F_1_rand_rep3_seq826,18,2,20,9,18,22,13,14,8,29,15,18,15,19,21,24,16,15
F_max_rand_rep1_seq1450,26,3,28,15,22,28,14,22,15,34,19,28,21,24,27,32,21,22
F_max_rand_rep2_seq1490,26,3,28,15,22,28,14,22,15,34,19,28,21,24,27,32,21,22
F_max_rand_rep3_seq1506,26,3,28,15,22,28,14,22,15,34,19,28,21,24,27,32,21,22
F_0.25_worst_rep1_seq1055,3,0,3,2,1,4,1,6,1,9,1,8,5,10,5,8,6,1
F_0.25_worst_rep2_seq1722,12,1,6,2,2,4,1,6,2,4,4,5,4,3,4,11,3,0
F_0.25_worst_rep3_seq234,6,0,2,2,3,6,0,7,1,6,3,9,3,6,3,9,8,0
F_0.5_worst_rep1_seq1163,13,0,7,5,6,13,2,12,6,11,4,12,7,12,11,15,9,3
F_0.5_worst_rep2_seq1883,17,0,5,3,2,10,1,12,5,19,3,12,5,17,10,16,9,2
F_0.5_worst_rep3_seq748,11,0,9,2,4,14,3,11,5,18,7,16,5,12,14,9,6,2
F_0.75_worst_rep1_seq1091,18,2,13,5,9,21,3,15,6,23,6,22,8,20,16,19,13,3
F_0.75_worst_rep2_seq3350,15,0,10,3,9,17,2,18,6,24,4,22,9,18,20,26,16,3
F_0.75_worst_rep3_seq3538,16,1,11,4,7,18,3,19,5,29,8,19,12,16,19,18,15,2
F_1_worst_rep1_seq3,22,2,14,6,10,26,3,22,8,34,9,28,14,24,23,28,19,3
F_0.25_shuffle_rep1_seq1598,2,0,8,2,6,6,0,6,2,10,2,2,4,0,4,12,6,2
F_0.25_shuffle_rep2_seq974,6,2,4,4,2,4,0,6,6,4,4,8,10,6,4,2,0,2
F_0.25_shuffle_rep3_seq1829,4,2,8,4,2,8,2,4,2,4,6,4,0,8,2,8,0,6
F_0.5_shuffle_rep1_seq649,12,0,6,6,6,12,4,4,8,18,8,10,8,6,12,12,10,6
F_0.5_shuffle_rep2_seq404,14,2,12,4,8,10,6,8,2,8,12,6,6,12,14,12,8,4
F_0.5_shuffle_rep3_seq41,8,0,8,6,12,6,4,4,8,12,8,10,12,4,14,18,8,6
F_0.75_shuffle_rep1_seq1984,14,2,20,6,12,16,6,8,8,26,10,18,14,12,14,20,10,6
F_0.75_shuffle_rep2_seq1430,14,0,16,10,18,10,6,8,10,18,6,20,12,12,20,24,12,6
F_0.75_shuffle_rep3_seq1958,16,0,14,8,10,16,6,8,8,26,14,16,14,12,14,24,12,4
F_1_shuffle_rep1_seq842,18,2,26,12,20,28,6,8,12,30,18,24,14,12,22,26,12,6
F_1_shuffle_rep2_seq996,16,2,28,12,20,26,6,8,14,28,18,24,14,12,22,22,12,6
F_1_shuffle_rep3_seq764,18,2,28,12,20,28,6,8,14,30,16,26,14,12,20,24,12,6
F_stability_low_rep1_seq23,18,2,28,12,20,26,6,8,14,32,18,24,14,12,22,22,12,6
F_stability_low_rep2_seq219,18,2,28,12,20,24,6,8,14,28,18,26,14,12,20,26,10,6
F_stability_low_rep3_seq1949,18,2,28,12,20,26,6,8,12,30,18,26,14,12,22,24,12,6
F_stability_low_rep4_seq1264,18,2,28,12,20,24,6,8,14,32,18,24,14,12,22,24,12,6
F_stability_high_rep1_seq117,18,2,26,12,20,26,6,8,14,32,18,24,14,12,22,24,12,6
F_stability_high_rep2_seq702,16,2,28,12,20,26,6,8,14,30,18,24,14,12,20,24,12,6
F_stability_high_rep3_seq887,18,2,26,12,20,24,6,8,14,32,18,26,14,12,20,26,12,6
F_stability_high_rep4_seq457,18,2,28,12,20,26,6,8,14,28,18,26,14,12,20,24,12,6
F_stability_highest_rep1_seq980,6,0,12,10,10,20,4,6,6,14,10,8,10,6,10,8,4,4
F_stability_highest_rep2_seq264,14,2,8,6,6,12,4,8,10,12,6,8,8,8,10,12,8,6
F_stability_highest_rep3_seq1148,16,2,20,0,8,4,6,8,8,16,8,12,8,4,2,12,8,6
F_stability_highest_rep4_seq315,8,2,8,4,16,14,4,8,0,12,4,12,6,12,12,14,6,6
H_0.25_rand_rep1_seq339,9,0,3,3,0,6,1,1,1,4,3,0,4,0,7,3,4,1
H_0.25_rand_rep2_seq5214,11,0,2,2,2,7,0,2,4,2,2,1,5,1,3,4,1,1
H_0.25_rand_rep3_seq1531,12,0,3,0,1,3,0,5,4,4,2,1,3,0,5,2,3,2
H_0.5_rand_rep1_seq5065,15,0,8,6,2,6,1,4,5,9,7,2,10,5,5,7,7,1
H_0.5_rand_rep2_seq1215,11,0,9,6,0,13,2,8,4,10,7,0,8,2,7,7,5,1
H_0.5_rand_rep3_seq544,16,0,6,2,2,12,1,5,6,6,7,1,9,4,9,4,6,4
H_0.75_rand_rep1_seq583,17,0,14,7,2,19,1,11,12,11,7,2,13,1,10,11,10,2
H_0.75_rand_rep2_seq5936,27,0,8,10,0,17,2,3,11,11,7,3,12,5,11,7,12,4
H_0.75_rand_rep3_seq3638,24,0,10,8,3,23,2,2,8,10,9,2,14,5,14,6,8,2
H_1_rand_rep1_seq4426,30,0,15,10,5,26,2,9,13,15,11,2,15,3,17,13,10,4
H_1_rand_rep2_seq696,28,0,13,13,2,24,2,11,14,13,13,3,16,5,17,11,12,3
H_1_rand_rep3_seq1028,29,0,14,10,7,24,2,9,14,14,8,3,14,6,17,12,13,4
H_max_rand_rep1_seq48,44,0,22,15,7,35,3,15,22,19,18,4,27,6,24,18,18,5
H_max_rand_rep2_seq973,44,0,22,15,7,35,3,15,22,19,18,4,27,6,24,18,18,5
H_max_rand_rep3_seq3283,44,0,22,15,7,35,3,15,22,19,18,4,27,6,24,18,18,5
H_0.25_worst_rep1_seq5892,7,0,1,0,1,7,0,6,4,6,0,1,3,3,8,2,1,0
H_0.25_worst_rep2_seq3772,8,0,2,1,1,9,0,2,3,3,2,1,4,2,5,4,3,0
H_0.25_worst_rep3_seq101,4,0,4,2,0,9,0,5,2,4,1,2,3,3,6,3,2,0
H_0.5_worst_rep1_seq3347,15,0,2,2,0,16,0,6,9,8,3,2,6,3,14,5,9,0
H_0.5_worst_rep2_seq1303,16,0,3,0,1,17,0,9,10,10,1,1,6,1,11,8,6,0
H_0.5_worst_rep3_seq4409,17,0,3,2,0,12,0,8,8,10,3,3,6,4,9,6,9,0
H_0.75_worst_rep1_seq14152,24,0,5,1,1,24,0,10,10,18,4,4,6,5,18,9,11,0
H_0.75_worst_rep2_seq23017,25,0,6,2,1,18,0,11,12,12,3,3,11,5,19,9,13,0
H_0.75_worst_rep3_seq17543,29,0,3,2,1,19,0,11,13,11,2,3,8,5,19,12,12,0
H_1_worst_rep1_seq7,33,0,6,2,1,30,0,15,15,19,4,4,12,6,23,13,16,0
H_0.25_shuffle_rep1_seq4768,8,0,0,4,0,2,0,2,4,2,6,0,6,4,6,4,2,0
H_0.25_shuffle_rep2_seq1390,8,0,2,4,2,6,0,2,4,8,2,0,0,0,4,8,0,0
H_0.25_shuffle_rep3_seq191,8,0,4,0,0,6,0,2,6,2,0,0,6,0,4,4,8,0
H_0.5_shuffle_rep1_seq1915,12,0,8,4,2,20,0,2,12,6,4,0,10,2,6,6,6,0
H_0.5_shuffle_rep2_seq571,10,0,12,4,2,12,0,2,8,8,4,0,12,0,14,4,8,0
H_0.5_shuffle_rep3_seq2456,20,0,4,4,2,10,0,2,6,12,6,0,14,2,4,4,10,0
H_0.75_shuffle_rep1_seq2701,28,0,6,4,2,20,0,2,12,14,6,0,16,4,16,10,10,0
H_0.75_shuffle_rep2_seq2148,26,0,12,4,2,22,0,2,14,10,8,0,16,4,12,8,10,0
H_0.75_shuffle_rep3_seq5273,30,0,12,4,2,22,0,2,14,8,8,0,18,2,14,8,6,0
H_1_shuffle_rep1_seq4978,32,0,12,4,2,30,0,2,14,12,8,0,24,4,16,12,12,0
H_1_shuffle_rep2_seq4965,30,0,12,4,2,32,0,2,14,14,8,0,24,4,16,14,12,0
H_1_shuffle_rep3_seq3361,28,0,12,4,2,32,0,2,14,12,8,0,24,4,14,14,12,0
H_stability_low_rep1_seq1655,30,0,12,4,2,32,0,2,14,14,8,0,24,4,16,12,12,0
H_stability_low_rep2_seq4303,30,0,12,4,2,30,0,2,14,14,8,0,24,4,16,14,12,0
H_stability_low_rep3_seq677,32,0,12,4,2,30,0,2,14,14,8,0,24,4,16,14,10,0
H_stability_low_rep4_seq4252,30,0,12,4,2,34,0,2,14,10,8,0,24,4,16,12,10,0
H_stability_high_rep1_seq4028,30,0,12,4,2,32,0,2,14,14,8,0,24,4,14,12,10,0
H_stability_high_rep2_seq4628,30,0,12,4,2,30,0,2,14,14,8,0,24,4,16,14,12,0
H_stability_high_rep3_seq146,32,0,12,4,2,30,0,2,14,14,8,0,24,4,16,14,10,0
H_stability_high_rep4_seq881,30,0,12,4,2,32,0,2,14,14,8,0,24,4,14,12,10,0
